{"cameraMode":{"drawMode":0,"name":"Shaded","section":"Shading Mode"},"sceneLighting":true,"audioPlay":false,"sceneViewState":{"showFog":true,"showMaterialUpdate":false,"showSkybox":true,"showFlares":true,"showImageEffects":true,"showParticleSystems":true},"in2DMode":false,"pivot":{"x":-0.8705471158027649,"y":1.1217246055603028,"z":1.5078320503234864},"rotation":{"x":0.16587400436401368,"y":-0.404449999332428,"z":0.0748521164059639,"w":0.8962751626968384},"size":1.2099575996398926,"orthographic":true}